x1,x2,x3,wellbeing_2
-0.015202564553550665,-0.0015636597605450967,0.0030191145143473115,0.0
-0.017251823687921188,-0.0030486596125753555,0.00448892919645927,0.03745972533336579
-0.017571073327965724,-0.0029551810332997743,0.0051774854029717305,0.04262234210379287
-0.017768417394525397,-0.0027026359512162743,0.0048902036502986475,0.057610487498556566
-0.01723831262426757,-0.0030374344504329313,0.004299113639467926,0.07048536903226928
-0.017806901082186518,-0.002670956393727512,0.0046983209285481956,0.07751156048581702
-0.017620047303043153,-0.0030341493997740614,0.0041345790152124895,0.07816667667864553
-0.017668075544587207,-0.003091635168256032,0.004396764192674353,0.0827450305430441
-0.012362966807886497,0.0005337776320744137,0.001584694420705028,0.08486456012457962
-0.017807534801335727,-0.002951034817059377,0.005260904621430907,0.08619960342112874
-0.01783539157714026,-0.002750986769714639,0.004880534006155452,0.08619960342112874
-0.017826227061888314,-0.0030210517714678265,0.005306919503794212,0.08690104003830017
-0.017774652488694708,-0.003096115864149073,0.005487280379171177,0.08700421617971746
-0.014878616521630366,-0.0024662731125088106,0.004429501324876586,0.08833495231946545
-0.0172601053554053,-0.0024124205839355767,0.004335154733084613,0.09063810598707434
-0.01728069725144473,-0.003068490449054813,0.0040197826269514425,0.09145621910650609
-0.017781667965393776,-0.002804943535971638,0.004901363428763951,0.0921767799976905
-0.017715724364852754,-0.0026604073333117667,0.004714449841036381,0.0921767799976905
-0.017669755921646834,-0.0031095039491552743,0.0043381239073308035,0.09456574919205042
-0.017521376682547506,-0.0034006273316669377,0.0044380302899148195,0.10069566539572877
-0.017292323769641703,-0.002589834133958423,0.004820834851719466,0.10281893781384946
-0.01758609570785711,-0.002410385329741135,0.004367128760127927,0.10369887749740181
-0.017242800127190597,-0.0020592177525287636,0.0039534419241891725,0.10447589775694366
-0.01712492264115777,-0.0029316751225832486,0.0033692169013245844,0.10685841076929678
-0.01612913824076522,-0.002533573517703053,0.0023367931051964034,0.1083738484741965
-0.01734839855525142,-0.002870031392697026,0.0036424867440011262,0.11165986674079725
-0.01653535338793501,-0.0030996961317599873,0.00302379496944565,0.11291775129308819
-0.014318135299295522,-0.0029579713781450532,0.0016344223159342531,0.11453543863323155
-0.016835487956902595,-0.00209182522824787,0.004138573656619575,0.11465860481797502
-0.01787345561251272,-0.0026711452328073487,0.0048090432166420765,0.1158911259222744
-0.017370325140621007,-0.0029111891517693473,0.004018791558354317,0.11848240758419605
-0.017315863505548597,-0.0030002488159619695,0.004154969467246417,0.11855640034026971
-0.016261155769051874,-0.002304535905815361,0.0026315743959293187,0.11909329081317321
-0.017455255547092374,-0.00236289037520685,0.004270150159658002,0.12080243925540732
-0.01765314943494634,-0.0029868629663513694,0.005099173575782947,0.12143271396195016
-0.01708064698026447,-0.002019204887274899,0.004009675676546143,0.12334522260328419
-0.017713435756263454,-0.0024756187308693904,0.004478274598585555,0.1248010097297017
-0.017050304133081794,-0.001922445253825051,0.003617338915777562,0.12524458672285516
-0.01750168171088285,-0.0034284117173484815,0.0041554359533299496,0.125478735487868
-0.016801700429955078,-0.0025270137259017326,0.003029186907804796,0.12812636743463537
-0.016621593977882307,-0.0026534534957958697,0.002957413857943668,0.12878095581559246
-0.015365184879678393,-0.0024659607491557523,0.0018161848504583385,0.13007220195802968
-0.01685317522201079,-0.002765932421294208,0.0032051940471793613,0.13610661807219798
-0.011099230059768428,-0.0011751060554271752,-0.0002531188759254663,0.1365854487701308
-0.016785966572810847,-0.0017272889496816512,0.003503912422864741,0.1389939355793525
-0.016922336778223846,-0.0017336110797952428,0.0034733561204936896,0.14139559596283455
-0.016007710715685238,-0.0012648718918131553,0.0028007220241486647,0.14172488312811185
-0.0174461024383888,-0.0021767066772591217,0.004147870947536424,0.1419438649525692
-0.01521336710722599,-0.0020958722233720096,0.0015865018356486685,0.14238936590512485
-0.01561261793239041,-0.0019748872864599116,0.0022324837700521075,0.1430200832374018
-0.017392629625719986,-0.0035081693349926003,0.004295069504827016,0.1441635130257809
-0.015400199140951568,-0.0023523062522238427,0.0022469761245785848,0.14585901993053504
-0.016032231339088814,-0.0012449202024928867,0.0027356435819731796,0.14600890362824193
-0.01591638967327819,-0.0011462566869928732,0.002740094031009512,0.14600890362824193
-0.015588574638400314,-0.0022682668122102614,0.001944279938846431,0.14778252064663155
-0.017541721239564902,-0.0025234160129495413,0.0044193345124597305,0.14811216367858393
-0.01745016117741227,-0.0022243593768533514,0.004043168786188214,0.15068759671768625
-0.009709596252509398,-0.0023876808103149997,-0.0005586814703105087,0.15080354550902167
-0.01063802022102772,-0.0016320463643790552,-0.0001500594483295917,0.1517933490666549
-0.016943665338250338,-0.0018799779445194894,0.0034675275525788674,0.15201996439134363
-0.015583478596507024,-0.0023105871318053746,0.0017491481388315611,0.15256003489834807
-0.01537881562574593,-0.00098160150769567,0.0028499395669812255,0.15422840672077417
-0.017110710105137154,-0.0019390412438861743,0.003682006233339897,0.15460806610194966
-0.016715840894281984,-0.001709522120301173,0.003477922234186791,0.15534240537481697
-0.013502680251918819,-3.363614077944908e-05,0.0013023144182249138,0.15592958629927642
-0.0097853907618609,-0.0011567530372539312,-0.0007619245979342029,0.15609313405208164
-0.01580159394704726,-0.001178469742219299,0.002526370813816333,0.15643811103025926
-0.015748512572475587,-0.0023157072345622153,0.001982492683064652,0.15652081716641808
-0.014614062586784039,-0.002343156879343165,0.0014416315693987403,0.15930953098844572
-0.017404087105923904,-0.0021197239773680923,0.004063759196016234,0.15996684444275067
-0.016076039329663835,-0.0013258889673961713,0.0030076565207085995,0.16145099648323527
-0.01543907160004787,-0.002300712974836636,0.0018074736090399374,0.16273070389157127
-0.016432396324278967,-0.002518365490501585,0.0026589459713156106,0.16345916810807615
-0.016286473300013194,-0.0032741389030464404,0.0028069492217744434,0.1639025385241569
-0.01658048869131583,-0.001985275352429147,0.003753730530532722,0.1643902103951783
-0.01442008526253171,-0.0007199723082367891,0.0023194450881915984,0.1660948496291383
-0.01666393256411969,-0.002054949837876876,0.003566591735867097,0.16640910255879504
-0.016298562458196334,-0.0013370466158893308,0.0031570421976042633,0.16733771034916908
-0.013906365889470484,-0.00016776777803593834,0.0014161168690430075,0.16871225705425755
-0.013789763367116077,-2.9456656096636544e-05,0.0013686288523985307,0.16907295127488534
-0.01250534860775954,-0.002267462467558048,0.0006694482464061127,0.16958038580543927
-0.016054872292320242,-0.0012948429724186465,0.002938721647636645,0.16982691721853097
-0.014771013148858618,-0.0027625320938889806,0.0014580567785841294,0.1702834189659072
-0.011157976059043473,-0.0014852199169061852,-0.0008345514870252154,0.17191038643472228
-0.012453242612296937,-0.0014452068406504749,0.0002259859138647322,0.17198671945018723
-0.015667993108225545,-0.002439541243744897,0.0019403928877089673,0.1725819135561422
-0.016848593429813246,-0.0016742891045422562,0.003372818767720987,0.17260553009502516
-0.017617589880517075,-0.00340722103118226,0.004115663377725479,0.17266911303338073
-0.014113541190912994,-0.0007844633846516585,0.0020777285879591528,0.17325521923827394
-0.01576012213317846,-0.0010074790666681707,0.003034549156997734,0.17547397720327607
-0.014833711903637761,-0.0006931276677628797,0.002241871320586537,0.1762890681051015
-0.013604034864013934,-0.0017882026873606253,0.0005515542560012192,0.17737118448822226
-0.014843069899154794,-0.0011232225471405988,0.002877308256437884,0.17908688376372672
-0.016198120063543812,-0.001453605116531827,0.0030757933073630654,0.18080659401760313
-0.014354015228684378,-0.0005242485566284165,0.0016819127706897193,0.1810425662681841
-0.012349859315205549,-0.002673473476393009,0.0011771302494321084,0.18130724357028843
-0.013494844803685502,-0.0024291785138572585,0.0008836960362726229,0.18137608177859812
-0.014505012466572825,-0.0030380266541413514,0.0021367774464312005,0.18162027017278648
-0.0136519997452513,-0.0026177374689808465,0.0012826247229573975,0.18162027017278648
-0.014471077731737576,-0.0005856521359660126,0.001786099987840531,0.1826992014718993
-0.01604993522000238,-0.0015447240713862948,0.0032159780921885467,0.18273630595382098
-0.014476812741563214,-0.0017354285789075346,0.0012412046320606166,0.18282611968240312
-0.015662324872848493,-0.001784295670023989,0.003131885240118248,0.183220092155913
-0.012079043308155483,-0.0015062480621398974,8.115596695278549e-05,0.18385435866221891
-0.01647337733741219,-0.0015013566937159236,0.003120433104763635,0.18456265026607985
-0.012523744043504769,-0.0016804735606889838,-0.00037805978745548616,0.18589733918609042
-0.012973882507678327,-4.9574460826630805e-05,0.0013599571026447518,0.18667629976894096
-0.014475417444153644,-0.0005887396137360717,0.0016736626281966625,0.18748441812886324
-0.015071116510761493,-0.0007472958225020498,0.002385934985503997,0.18800783271779578
-0.014029005839014277,-0.0019725550688527447,0.0006816151982372046,0.1891959301207704
-0.014240733236259906,-0.002145867534379452,0.0009424784890276694,0.1926487905560521
-0.01579434616116267,-0.002543441039861244,0.0024624440688389418,0.1926487905560521
-0.012630734650088845,-0.001475395835993179,-0.00010735768357449399,0.1926487905560521
-0.013605439758279249,-0.001799093392193344,0.0005715116486392218,0.19267505203205276
-0.0132213904846824,0.00043973471091005695,0.0016103829257267733,0.19306570205304444
-0.013618596821822414,-0.00025860657485660046,0.0017444601645655593,0.19533584003534357
-0.012194717796958535,-0.0023090822918596324,-0.00033040953002228945,0.19980233589186747
-0.011614654649870697,0.00042036321929566115,0.0006052612089371259,0.20070632734454463
-0.017637578414865365,-0.0024058466364348515,0.004326496990337779,0.2035592169309033
-0.005388369228535831,0.002023638895776337,0.00032626585870774804,0.20390797306084485
-0.013490421373652715,-0.0003710310803703507,0.002553090299180508,0.20473065844340113
-0.008818588682758316,-0.0011285133926587187,-0.0011705688185631876,0.20489449514471386
-0.013208055478257362,-0.00023585284941414353,0.0016652265319423128,0.2049269016953319
-0.013576988220945514,-0.0005082027366616846,0.0022678748451725583,0.20590338483990353
-0.013107003911433563,-3.06831590399183e-05,0.001090248092732461,0.20602786869165482
-0.01613934277303866,-0.0019431604312845163,0.004094413857335095,0.21002609646214673
-0.004943077905491989,-0.0011976196440762572,-0.002563526567889757,0.21093248421990515
-0.014109165645505932,-0.0006114049123526297,0.0020456446948252834,0.21325047280357867
-0.010970051561140386,0.0001141903702443528,0.001433141936638102,0.21395199907729687
-0.013315772650390252,0.0002862037929080147,0.0008922005008899476,0.21586131981992068
-0.017646508369759163,-0.002148848598569233,0.004159267712539144,0.21719676986854722
-0.011687174784353356,0.0001612091481058869,0.001995635901047194,0.21753553184607188
-0.008276438441160132,-0.003574734139751602,-0.0004221753604495469,0.2178396886593413
-0.014093163230709698,-0.0004026561229520015,0.002007167286510398,0.21786514115678693
-0.01613172588794589,-0.001388438126504595,0.0033396502638910297,0.21927082329845402
-0.01127979907667309,0.000926746941878834,0.0015806822509735563,0.21980106941822347
-0.009036643903727581,0.0010586563805082712,0.00015134119734629457,0.21992129837833208
-0.012383000755681961,-0.0018187602654296021,0.00019549223937905905,0.22014914394868665
-0.013714715803215191,-8.393049789976282e-05,0.0015402639809153058,0.22216623611018285
-0.012777437094407776,0.0002553704507881971,0.0016822434888919156,0.22217862080030062
-0.006991181212884805,-0.0024566809534197773,-0.0009439669310890778,0.22353833212020746
-0.008267985573894885,0.002303744769228806,-0.0009885645045262577,0.22379553903683813
-0.014930900282204557,-0.002508827985877846,0.0018265145851527826,0.22384180711323745
-0.0140959095307149,-0.0020315454285061672,0.0007030059189390995,0.22550783986286235
-0.01103160253940278,0.0008814464268642141,0.0003809695511706023,0.2257946182626127
-0.011237196127771007,0.0006369044716824468,0.00074793992278556,0.22591016631760702
-0.005694518591081717,0.003416834250309681,-0.0016068334054209102,0.2260871421320392
-0.016892207229922233,-0.0016530301826907898,0.0030832141441360524,0.228009247638839
-0.013037495157236324,0.0002781683453018214,0.001115063183284479,0.22905711817376956
-0.013874279814925727,-0.002397540263396917,0.0012759746643143737,0.22906739018145547
-0.00895659713317421,-0.002428782944565051,-0.00031079294392835475,0.22914097773077854
-0.013179222646101735,-0.0004363903133560903,0.0015786761142856836,0.22946264618680912
-0.012069277608295008,-0.0016126394037420143,-0.00035414990504785345,0.2299000840382961
-0.013144391954159876,-0.0019769735006940872,0.0006064416349815813,0.2299000840382961
-0.006162365416465135,-0.0010692920865686194,-0.0014134160479679562,0.23051329960686498
-0.008462491245771725,0.0023342123157314948,-0.000953055044814275,0.23068087128015377
-0.009620988854163043,-0.0011935510918237037,-0.0018426805783201246,0.23205809427041685
-0.01125279507389549,0.0006231620226978481,0.0007467824426344338,0.2330293309754729
-0.015255684793146276,-0.0032630099002579583,0.0025323584081237446,0.23333918946496213
-0.011172106319722593,0.0008757666546276144,0.00012477757744169032,0.23409759695364613
-0.014560879657092315,-0.002774517716973353,0.0016603286876565588,0.23416513730824443
-0.006516512115109632,0.002895030642294573,-0.00016405675218832282,0.23550287110145537
-0.012474331730744935,-0.0017546131812858784,-0.0003194004855967639,0.23559463519797
-0.015561542789075474,-0.0010118843544867017,0.002247320900755742,0.2358702508471371
-0.013934541518034214,-0.0006231202640461462,0.0026598701782492543,0.23652962642961298
-0.010350814654025634,0.0013954997184723143,2.663479082043592e-05,0.23697731851752837
-0.015063527579471016,-0.0010597700304673535,0.0027551816954599364,0.23699052885365401
-0.014158938146479701,-0.00048738913956325886,0.0018069641431429505,0.23745833132721636
-0.010430711612157783,0.001607923993464636,8.655369974550908e-05,0.2378740589659406
-0.011318121258398695,0.0009732254336786094,0.00037736984470596426,0.23903450277427138
-0.009088810629760061,0.0009714515804229606,0.0006275955244150912,0.24097306990189907
-0.013922517166902333,-0.0031220459445114386,0.0014772644338281646,0.24174299142705127
-0.016244238779134123,-0.001182572617079429,0.002659726479297864,0.24220032425667415
-0.016115087316043695,-0.0017709682475440733,0.0035185200291008825,0.24289902890171758
-0.005359926058262736,0.0023269854360379537,-0.0005638785038525299,0.24292111887853
-0.012977360081761199,-0.0026343506295260113,0.0004164266198597473,0.24727306912800495
-0.007553853598157542,0.0021361236142505477,0.00017205629165380435,0.24841073319188928
-0.011638323588194182,-0.0013564810384727047,-0.0004367751144592882,0.24863367243258952
-0.014171386414124647,-0.002432901987708729,0.0004202461319464241,0.2493468641847977
-0.011354997286153013,-0.0016281842304691867,-0.0006950688077223089,0.2507700811767224
-0.012245064240712722,0.0002245871932792737,0.003365634840694944,0.25108802056613294
-0.006350324741910674,-0.001758710548350184,-0.00204378319422957,0.25202166178928675
-0.005221841208993805,-0.0015453475106435369,-0.0015562656351366527,0.2527579470148674
-0.005283481737581533,-0.0004897744521294778,-0.001816505639020271,0.2529889151110915
-0.012153498083084765,-0.0016669281199192926,-0.0008136187973889588,0.2532204422844587
-0.0130319689547921,-0.0020033982098649006,-3.8834539957051084e-05,0.2556936097107425
-0.007683243219484162,-0.0015662318121303104,-0.0012324641198569934,0.2560582240942003
-0.012877833747053318,-0.0026565476771351865,0.0007768290174474399,0.25608665228387906
-0.006659454737531135,0.0014114171374207294,0.0007706552446179778,0.2569261182316669
-0.018692598206907014,-0.003351745549011159,0.005004421571854984,0.25751502354761646
-0.00808008656295136,-0.0012871536729058138,-0.0018369330408707606,0.25798438001279944
-0.012353084698547397,0.00031919459148840726,0.0008807189416151863,0.258318735739445
-0.012210129328867114,-0.0017110684533699803,-0.00031683451400457886,0.2586375945430831
-0.007070881667774806,-0.0015145327240430023,-0.0016956449144858816,0.2597818026518382
-0.0016687180657858772,-0.0013738035766194033,-0.003197248625194849,0.25995465073294344
-0.007151527437642287,0.002693904429518646,-0.001290686954252487,0.26206297316334654
-0.004662282328131709,0.00294818664377925,-0.001210563567166803,0.26225383487005155
-0.013036355045214075,0.0002809488078749123,0.00043605501529383616,0.2629829468544169
-0.012162866010747212,-0.00012589020029312906,0.0024575895285220703,0.26503787446498395
-0.007503446061844809,0.0007217404387206356,0.0008839308875303068,0.26522382424022506
-0.010651002430462193,0.0005046962940390579,0.0010074768011431345,0.2657754782406163
-0.0049616873174243795,0.003537382203974788,-0.0007672937215860655,0.2662246018254119
-0.00836074528313234,0.001591578707842427,-0.0004832975791776863,0.2665779862365728
-0.010780707879999046,0.0014115657005831336,0.00027567852290924375,0.26728003701074793
-0.003959837458932197,-0.0015010854055156281,-0.0029352581357154,0.26817125796592634
-0.005320008922858184,0.0033352035420089457,-0.0003611966698295547,0.2691364091466354
-0.008458160873215992,-0.0012642684736733558,-0.0014605011407332602,0.2698548427851643
-0.012792267982346098,0.00046171520826167767,0.0006698877661010236,0.2698848177089467
-0.003225237488226914,-0.002382088427875739,-0.003915271229557203,0.2705469702160021
-0.0051019446791352825,0.002978398188316716,-0.0009910783470355098,0.2706365952491496
-0.012256976169565385,0.00014989099152281716,0.0020920388375980006,0.2715061154290966
-0.007555284440765898,0.0013863636324971831,0.0002821637396850803,0.2724833404132948
-0.00617148822752977,0.002550533510488018,0.00085598396152931,0.27283059939756416
-0.010279477708545278,0.0009569856754036552,0.002486118041472789,0.27307541251768735
-0.008317092864734206,0.0021032964175701947,-0.00016092690278913277,0.2738318824701698
-0.0048700013133076035,0.0029488659075620426,-0.0020295300809980883,0.2749145715624232
-0.008058287887357286,0.0018160732555362142,-0.0013427256980264373,0.2749145715624232
-0.009897915283945713,0.0009583242230948027,-0.0005985792974779213,0.2763656026698083
-0.007885426169688691,0.0017738918669614806,-0.0009779351084196043,0.27720095871071687
-0.011774704729151224,-0.002023547062031605,-0.001417264945945546,0.278230298045966
-0.005864349730515184,-0.0008228467557644887,-0.0021677206978115643,0.2783350236258089
-0.0020154206506718705,-0.00012451018428806206,-0.0025225861660690754,0.279042579736921
-0.009741904714543776,-0.0014351738991277311,-0.0017027591734492798,0.27952906951576184
-0.0063245621722955725,-0.0013253989107584758,-0.001467446019718991,0.2801882733738024
-0.008192606182323316,-0.00125905433206589,-0.0016441161218536376,0.28026633166380127
-0.012032889267442932,0.00021784206611613743,0.0017339750877334557,0.2809963696576282
-0.008178036315474478,-0.0014833241120244995,-0.0015892160573703078,0.2827796069421458
0.0026688240724054035,0.0010604300585121413,0.003180506678424203,0.28391044858158304
-0.01273816197421038,-0.0023502491547876076,-0.0006979408119141862,0.28392604901388774
-0.008303483822490706,0.0014582409175414063,0.0002553993765284548,0.2847594409720889
-0.00379710917392666,-0.0003540260839394263,-0.0024563889437615428,0.28517498703491967
-0.006838379121218967,-0.0019001643240220214,-0.0019911411068526024,0.2855685486998694
-0.0020008460149127942,-0.0029753371610315134,-0.002031084154768819,0.2859682224356725
-0.007020204124098581,0.00200716197642491,-0.0019914635005202014,0.28603540546105427
-0.005539096453761729,0.003304791633949562,-0.0003741903917742828,0.2879617151120701
-0.014861264678985476,-0.0008670425202296471,0.0022821328834345795,0.2896983874242862
-0.007697246184623003,0.002479206894582892,-0.001118518894884675,0.2898349335999567
-0.0025539551604420096,0.003935867571469971,0.00010330605310050624,0.28983920985022277
-0.011282682720427175,-0.0019576217294089027,-0.0008899527654913465,0.2903770204824222
-0.013656135096399685,-9.058022537954947e-05,0.0015429548680432812,0.2905349705374219
-0.004020792035293751,0.0038015471538892,-0.0008487111123421002,0.2908767229153788
-0.0008592451474062036,-0.0018696049267122063,-0.002159175015029249,0.29251220403079636
-0.010839022010597488,-0.00334430256714434,0.0003484850136803702,0.29294356218050666
0.006303499629558164,-0.0003476410781635114,-0.003727363780785374,0.2939396985699577
0.0044189557440971585,0.005411482667293286,-0.000138323786447929,0.294032385060973
-0.006300712531506786,-0.0009764536518565332,-0.0024324826066354373,0.2950128748514827
-0.0026832255284419196,0.0029483356525432662,0.00044488471469347605,0.29511693381599763
-0.005326212634077545,0.001918392885129156,-0.00040801423401617986,0.29606495524281906
-0.0061780454927939715,-0.002025312662833753,-0.0009930080381568126,0.29678261406555223
-0.003325970680152087,-0.0010248978511355558,-0.003532047163043695,0.297500931859765
-0.0027069158329489588,-0.00023463099343853548,-0.0035600855563219375,0.2976742609238219
-0.0035415362747382045,0.003758660537177513,-0.0006006895908479836,0.2985045946527845
-0.0036874575365889554,-0.000988248850278061,-0.0032755647227418836,0.29898985835282266
-0.008112364119493374,-0.0031646827025156653,-0.0001455974557550772,0.2994568290542604
-0.012248719736996035,0.00018625021485320036,0.0011003296204655638,0.2997479790730136
-5.9840605162113234e-05,0.004104866745959389,-5.914654118375404e-05,0.30107444820686097
-0.0058575782836839865,0.001736553279890019,0.0002928354322683028,0.30188981075505333
-0.012586219667337943,-9.544165580567493e-05,0.001006078863817894,0.30210099229437054
-0.00490703073065845,0.0027547611027058357,-0.0005279358013801127,0.30319248342983135
-0.007477414195082336,0.0013854562204253435,0.0002339992238034814,0.30359626075323093
-0.008368680694589969,0.0023015248665486645,-0.0016476152762841124,0.3042981627621111
-0.009175024095050487,0.0016696652076120427,0.00012275961160200668,0.3049189248786864
-0.004234211111591068,-0.0008999562723635481,-0.0034812107352467105,0.30576287644092015
-0.007142221114181855,0.0017034793104790025,-0.0004775176148764579,0.30697918447364275
-0.00648546055047289,0.0029536823884083775,-0.0007093409033806849,0.30718223287547525
-0.0008180401844356127,-0.0020242211162325714,-0.0026698276846542908,0.30866346921551907
-0.006431186645378377,0.0029131117923049447,-0.0005558530039558932,0.3098751902217276
0.007226316640025447,-0.0049087667562271045,-0.000563822800952555,0.31032903293087954
-0.008635397213790549,0.0012232797386441394,0.0009818812745867552,0.31078674370327375
-0.0016878764015587821,-0.0002437121566352993,-0.003440330689176992,0.31122949745119494
-0.00527494370531354,0.0026295460338138406,-0.0022657299681764394,0.31161721775342455
-0.0013339284044962046,-0.00020071305538621595,-0.0052701598384398375,0.31219215494364216
-0.007071657802711285,0.0023497309698831386,0.00047606416325333246,0.3122729945182495
-0.0001002709345666684,-0.0009992210373034242,-0.0022705207023803954,0.31340593289013896
-0.0018674004388970014,0.0001384564879124209,-0.0035064831766741583,0.31413911863177557
-0.005304898541469934,-0.0019302221438496888,-0.0023075685352197087,0.31486213736516006
-0.005333460808766122,0.002740383383784999,-0.00044242043832545027,0.31559474587206443
-0.0042995761997740665,0.0037584287258512956,-4.455386802953001e-05,0.31559474587206443
-0.005956371156258205,0.002187317102755458,-0.0007891976932705172,0.3160995450410075
-0.014370744654080404,-0.004043857010944507,0.0016768655294423943,0.31636390353668375
-0.007575799722217929,0.002025893023683553,-0.0005000817467518455,0.31690665151545316
-0.006194169574329575,0.003121783636448565,-0.0005938032918276616,0.3171226220223768
-0.005957283191723396,-0.00043639761408536935,-0.0027667580187934,0.31792027106950105
0.001064729490655017,0.004505733992232064,-0.00023765457876295462,0.31853508381605417
-0.008606270186270986,-0.002534841232684058,-0.0025709831464485857,0.3190607978787898
-0.005379447444918532,0.0033641128153783137,-0.0017542173035638938,0.31928991574977394
-0.0064003339480700775,0.003019911336402742,-0.0014453904320953443,0.31928991574977394
-0.006531691404594265,0.0008708863795767979,7.348093039035068e-05,0.31988042092043445
-0.005738676617380648,0.0023366785047614757,0.0002046110554173091,0.3206309197027495
-0.011462380967878228,-0.004386308525169275,0.0009573165598220945,0.32214617886721914
-0.0039312930374384185,-0.0007497056561927019,-0.0018901294250311409,0.3224018025414015
-0.002071471925433249,-0.00040823494965395237,-0.002843499726584446,0.3224018025414015
-0.008634124058553181,0.0018602872129800704,-0.0007200976993532642,0.3232645717130733
-0.00032402597680466653,-0.0018529311106050125,-0.0023786265309623626,0.3234285403190625
-0.004085302337375323,0.0031657172642435808,-0.0020392800730354133,0.3250068018481455
-0.003249834280580507,0.0022423091135828754,0.0024592096059726015,0.3255546858583529
-0.006711077124489175,-0.0011755449160231722,-0.001904480290217303,0.32572615299683866
-0.004939896946426551,-0.0023166461718140737,-0.0018986957104305175,0.32602144794067905
-0.0035650516684924594,-0.005890076028464054,-0.003942271367824534,0.3260826105386034
-0.0010382649106654245,-0.0007918096266136998,-0.004502594472320199,0.3264939856817433
-0.005831472524785959,-0.002645293927662397,-0.0012434025211101552,0.3279523221281857
-0.007256153048028746,-0.003571651880561249,-0.00016731797409420544,0.3287815572126124
-0.0026400902838533656,0.0037634229902354568,0.0020444295080630902,0.32909910298522294
-0.001457519805648213,0.00405493672886279,0.0005615812465454551,0.32913287430771976
-0.006622639519669262,0.0021366630220263716,-0.0010842634774772186,0.330339620603565
-0.00802140762103601,0.00263825768362335,0.0002723490612331252,0.33124481125739746
0.004836881946929633,0.0005882373051368215,-0.0030364058340224855,0.33197813061460796
-0.004379080731612134,0.0032973449522797193,-0.0005313167418485507,0.3322820495303428
-0.005919923644223784,-0.0030600806376590585,-0.000784607005876268,0.3329192793938628
0.0009622508208372937,0.004027740541431013,-0.0027292959594425945,0.3331183279657521
0.006168870442114896,-0.0018406125392832918,-0.0001242850058157301,0.3338435490381153
-0.00955754291854039,-0.003166600455510025,-0.0012711233878778551,0.3343658415542547
-0.011448875793654641,0.0005165856748043166,0.0013301866603790484,0.33438712453936065
-0.00846030418428054,-0.001918700268959772,-0.0007336640140193563,0.3348857865258909
-0.006540406364621322,0.0024761939720656335,-0.00010286428893346728,0.3389302775160407
-0.0030717445574752608,-0.0006294420917548222,0.0001471801764525797,0.33967455274321545
0.0009425062555643106,-0.0010006688801822183,-0.00212418618061641,0.33967455274321545
-0.0026572592064147784,0.0031060976232468265,0.0003175456441502724,0.339888249163847
-0.010396318798850866,0.0013817922417633046,-0.000593652349620686,0.3405185226562046
0.010574517202256797,-0.0019859470873463177,-0.0019504246428459632,0.34087686281988067
0.002627681695513004,0.0035586013368373768,0.0012344061373104963,0.34117726244710217
-0.002732620074488233,-0.00032825013198981516,-0.003563175522210801,0.34199922963905016
-6.593044205072045e-05,0.004528884830152323,-0.0011774478618107047,0.34309783040897335
0.006940289284736647,0.006386246810832434,-0.0012376694640674265,0.34309783040897335
-0.007561278471526116,0.0010577338417907876,-0.0012180704313873238,0.34405109813733475
-0.011526832193091724,0.0007691414568534207,0.00043973456095379936,0.34413339705229906
0.00581015884722827,-0.001740087448374758,-0.0015944464460128063,0.34454244791362254
0.002816785091705611,-0.0011097638635540325,-0.005013411060344953,0.34454827409902644
0.00038052548853744736,-0.0019497723399314426,-0.002691575769157626,0.34681347942592616
-0.006651277227679421,-0.002973531917514372,-0.0011852602544598202,0.3472992518420124
-0.0069813914652204065,0.002591193378103951,-0.0005102482498918332,0.3474181039711747
0.012918102759778942,-0.0032163206927178895,-0.002624105530752009,0.3479528983187187
-0.009927447768055686,-0.0022864701738917427,-0.0004263664941697307,0.3486268142945373
-0.0018668550711137216,-0.00035680007244108395,-0.0030912093091414825,0.3486722789390007
0.0006796789590103233,-0.0027949012157037784,-0.002238259899825789,0.3487158961729263
0.012205812950876204,0.006342506616320124,0.0027447495779085894,0.3504911921888328
-0.004058440826349757,0.0035880924496582787,-0.0008516134749577283,0.350520643688368
0.012792924980418913,-0.0031961028396673926,-0.004909216326698428,0.3511693146820477
-0.011780109546617935,0.001279514138317224,0.0006955340879928879,0.3515454901516544
0.009447391721527589,-0.0024291548225380145,-0.002372692922401262,0.35175264070613715
-0.005232959989623914,0.0028664761894236085,-0.0008860816266334805,0.3519113092276965
-0.00359274232922489,0.004066870755173875,-0.00039783731597037254,0.3519476119609848
-0.004619991898725109,0.0031671489266111084,-0.002385295888167193,0.3520435759520668
0.0029569827152827336,0.003433784236788935,0.0005777087156301228,0.35208112744734693
0.0006702048850753136,0.0001364073183033146,-0.002862695227500802,0.3527267637780209
0.002653687452339582,-8.471532611004511e-05,-0.0040131827446445,0.3531167938470336
-0.005283119496497707,-0.0016922478945172886,-0.0015392220078696795,0.35355902210107343
-0.001514465150972537,-0.0012473007011466256,-0.002882593983554182,0.35374680918703805
0.008332893529628016,0.007329330205794415,0.00018287428655925397,0.3550377199935699
-0.0010079583057574272,-0.002767577226696927,-0.0023973659442705257,0.35574898814511247
-0.0019022834260941474,-0.0036235752106909018,-0.0017078460348349364,0.3563433530728842
0.0075172865002330076,0.0006446592684332394,-0.0017937200695885137,0.35785399794686046
-0.0074886485763247974,-0.002758361815911361,-0.0011073313590429616,0.3580392443224779
-0.013328225063689216,-0.00032219528651525515,0.0015340008319715825,0.3596975748876164
-0.010125193118611975,-0.0040542938491610545,0.00031414410044290755,0.3613732957321757
-0.0031913793153509713,-0.0007590411701001867,-0.0038378771850675927,0.36341970991690137
-0.005192423479689919,0.0026177220153459357,-6.960816524284954e-05,0.36379898034485225
0.007091175032456272,-0.0005185805978519183,-0.0028421984718171437,0.3651947216478755
0.0006571475330456036,0.004958330110271765,-0.0013643086062312283,0.36657691438138007
0.0028826477135657897,0.0049207799952352355,-0.0002653684166917803,0.36754048132621636
0.0034028230964225133,0.0029541244900101508,0.0012279715803477848,0.36787895788740876
0.012139589413574715,-0.0017263937604361987,-0.0034444894478590565,0.3684231935191287
0.0032907234762129486,-0.002108163261604149,-0.0027960304574805505,0.36962035815441985
0.005060416902135486,-0.001750732177127777,-0.005984685174728357,0.37119163897344404
0.003638228035712647,-0.001976651190593193,-0.0041539495072947,0.371801899214979
0.0039857208159435695,0.005785577371436064,-0.0005240432381818293,0.3746898025665435
-0.0008192944710108867,-0.0012124737890942747,-0.0025714620286170944,0.3759724573821139
-0.006728867831574724,0.0033200057193203585,-0.00136660203919476,0.37722903591253787
-0.01412783742618098,-0.00025291552169536967,0.002045441682826302,0.37936547835031303
0.014714908615614499,-0.0009590504961002802,-0.002096841655300649,0.3802004377665536
0.00585733550714521,-0.0026101069947930223,-0.0016185060611348695,0.38079645092328257
0.0023386069378203565,0.004893923312644,-0.003624418011675711,0.3810394336866526
0.010031163385232758,-0.0004287728772137751,-0.0017755126245276205,0.38183492987284934
-0.0016028593013113768,0.004262676862204492,-0.0016532343229794732,0.3821985567925122
0.001415997131766254,9.124722564473117e-05,-0.005923084414567543,0.3825774664970469
0.005157944540674265,-0.003745101205988954,-0.003252642950322922,0.383104428355945
-0.0048521467848248855,0.0026435092466676182,0.000734074546774749,0.3832810080148261
-0.006888475458196325,0.002311301198786656,-0.0001921672700749877,0.38343085492823725
0.007946399951453938,0.0060845500216178796,-0.00124409847778302,0.384129367373266
-0.0025317430669262596,-0.0005350397760428914,-0.004914857613484095,0.38671185135200903
0.0012387357465760095,-0.0003855782369511826,-0.004553618300359523,0.3869246953317705
0.006279639419699079,-0.001939940033311339,-0.002326154967110298,0.3872705576166068
0.002570493518463265,0.005030662864312898,-0.0013540705748012695,0.38770275901801193
0.009013637065071058,-0.004171760371925645,-0.0014337948816785721,0.3878479930482809
-0.001049097204876944,-0.001446646519309635,-0.002498634177316079,0.38819948884938915
0.0023971917794113713,-0.001546180585257406,-0.004589948346130971,0.3883789940049789
-0.003273548305578115,-0.0022691413734785577,-0.00140164318127361,0.3886756048773346
0.0008276409421687582,0.004702618716040899,-0.003612348007507907,0.38995650309790897
-0.0007397964750252565,0.0036360884472648107,0.0005761372049668702,0.3908241645257237
0.0016438396404357613,-0.0026834780264766048,-0.004324022170466005,0.3938771203920187
-0.015521338949472607,-0.0028943210413882826,0.00048400355751714675,0.3943459508942034
-0.003096435771673624,0.0030069594373956154,-1.2893429606539835e-05,0.3945550552384137
0.0015019359939037267,-0.002090183811618283,-0.0029870770453178158,0.3945718512293177
0.008307977705534788,-0.0011100656327981079,-0.003903133399755398,0.395431216874007
-0.0009147162138685454,0.0028106691048964366,0.0004823363464401998,0.3958593496508334
0.0060935955256581735,-0.0019107702481698772,-0.003314108398018109,0.39748211653520304
0.0005340906122905794,0.004605708139265902,-0.0008826762552968346,0.39841095885650696
-0.001419293638952758,0.0042948646053833995,-0.0020530969516994848,0.3986057898453565
-0.0019248684095111762,0.0036003353501735625,0.0009430361359260009,0.39869461081188046
0.004264575056585662,0.006114956334170334,-0.00026129696889925954,0.39869461081188046
-0.009747656900738505,-0.002867120118440745,-0.0006763516542277928,0.399269868574614
-0.00011101418514175836,-0.0017793747318062018,-0.0032901514316655057,0.39967972490991205
-0.009962499652244003,0.00044184745347370123,-0.0006243010128506746,0.4021323809382565
-0.009648683567837905,0.00225934445308698,-0.0005545136587357335,0.40251843355696876
0.008953445124320855,-0.003454762057162099,-0.0014596812053018018,0.4034277428101433
0.0018210646710063265,0.004869822828461712,-6.44633909070856e-05,0.4037586736787782
0.00482310318640632,0.005893161905656702,0.0026191811666876627,0.40683410571559825
-0.0018767906304155478,-0.0025722056799509494,-0.0021162950771776504,0.40821972234128434
0.011378020547750504,-0.002095667118652156,-0.001398990471810072,0.410142225328201
0.0070166277954209835,0.005219713862386031,0.0009248852259086986,0.4102387768469954
0.005596759673134382,0.005687074144190004,-0.002301107685734612,0.410254246561214
-0.010862940951297223,-0.002002774486288696,-0.0019672074417754672,0.4113004409961154
0.008726636407017424,0.00637346136376662,-0.0037658606002598767,0.41137666354831254
-0.0011642157305169092,-0.0016520820561923121,-0.002246428993152363,0.41172180780811135
-0.0018691404746150888,-0.0008194101091576661,-0.0015271088692435236,0.41172180780811135
0.005309069475738754,0.005652078842618524,-0.0020660014334365102,0.41190470912278637
-0.0011847027722954912,0.004435815240998169,-0.00029403539256892864,0.4121120533398254
-0.004693691592087177,0.0017818648813014621,0.001112480121059757,0.4124219686200728
0.0004763762434304828,0.0043773732154152945,-0.0036911895249586587,0.41464356899287547
0.0038551168142495554,-0.002183638690537185,-0.002262894517994425,0.4150033797557179
0.0021296013199913833,-0.0005596218611748457,-0.006662836767645506,0.41730038219499743
0.005367315380030954,-0.001058178301739013,-0.004420017647800874,0.4180998837301615
0.0175298665083696,-0.008173857759719037,0.0007240239873285756,0.4207528671986637
0.006985320117363743,0.00026120857577058927,-0.003396829170963431,0.42085964585547797
0.01517864145239651,-0.001424018796040349,-0.0022749323237338773,0.4209917004009662
0.008445274933326188,-0.00030495639684972805,-0.0020058873735586693,0.4209917004009662
-0.0007978950093390115,0.004407392115382574,-0.0005644648786994063,0.4212215762271274
0.017606695866554035,-0.0035411847091486553,0.000971764191241576,0.4214590781028374
0.01123571899706225,-0.0006325400796268438,-0.003266428163777885,0.42367630379357896
-0.003665928683967997,-0.0021510118631639387,-0.0032798587663438444,0.4237809858835119
-0.0031911876212095355,0.004327190771509433,-0.003260948222558712,0.4246705375270609
-0.0020769426806001847,-0.0015882517673394985,-0.002558249138536672,0.42545047431489724
0.00948805383598571,-0.005500062233737447,-0.007059807460808765,0.4259438129267158
0.006891754559896778,-0.0013061922809910467,-0.0020376424870688745,0.4262284078349548
0.0006932212629110415,0.004936762698968227,-0.00026023258354432175,0.42704952942962277
0.002707156968968883,0.005010562280405222,-0.0036755430605454175,0.4271246452519139
0.0067572647706982125,-0.0015332682983666625,-0.0029679775740510702,0.4283960072886929
0.006832373427571308,-0.002295096203804806,-0.0034080554146785377,0.42918879528975556
-0.011693881665799436,0.0004412600609250265,0.0005380682317242228,0.42954213767354765
0.002821074332141181,0.004661115844970503,-0.00047849867853481606,0.4300770049549955
-0.002726958087697056,0.003741040153766157,-0.0030542603374876325,0.4326625306335
0.0048717535034011735,0.005988874539816588,-0.0010938405499945475,0.4341885013131411
0.004969614815404688,0.004835486378620124,-0.0006730404984375903,0.43518898705233244
-4.355222917035868e-05,0.00268810653209123,0.0012935775205285595,0.435507901294568
0.0055762766150978015,-0.0024506364891511228,-0.0012511992060414982,0.4370972036313965
0.002374531929837424,0.004546025367254418,0.0009012393767145112,0.437301837952404
0.0060461711325641735,0.00569692811775339,-0.0008035216964569642,0.4373651574677384
0.0049202001663007965,-0.0033313846716016616,-0.001921506212711176,0.43766124789611993
0.004509705990678188,0.005924206226223993,0.00230563541592081,0.4378581813296116
-0.006854321280439968,-0.0021786618182458232,-0.0006151346968025279,0.4394153432707601
0.001403527620950593,0.0044962643342948356,-0.002223067283122738,0.43994447087750693
0.014471597555852733,-0.005143402421438398,0.00036950664759066303,0.4400247882420525
0.0008813900990492544,-0.001803124032812396,-0.003074298527827605,0.4404520411760542
0.009616323478734742,0.0077486543821541284,0.0034793091905356397,0.4414476864827393
0.008744069923492878,0.005315059629048816,0.0021252347509160435,0.44221418149417363
0.015293488677747366,-0.002189482941064046,-0.000402194307711555,0.4455827490738629
0.006838875930086108,-0.0026523798121859195,-0.0017737564002615065,0.44575747966649915
0.003509549854817255,-0.0031502536878708237,-0.0018336377306789311,0.44685591533481583
0.010914876498215882,0.0063535283398516084,0.0019690357323608005,0.4472444775641744
0.0021322599656244203,-0.003318614760058569,-0.0059171927429740034,0.4487112391044772
-0.00018206102116182556,-0.0011196839032491077,-0.0015487015326714883,0.44981152403220465
0.004106066298020073,-0.0012846252158599143,-0.004403036165700881,0.4502553399715073
0.01518558895591842,-0.0006776464713419262,-0.0031090420878234206,0.45192139071315096
-0.004198880556948568,-0.0016315284986108682,-0.0017207129189910073,0.4523343152119311
0.006125374875834288,0.004146767462086357,0.0014283823817261637,0.45267573528944605
-0.008896998587975198,-0.0032312265658337104,-0.0005658477954922558,0.45306268897163077
0.0062258289112535,-0.0007692357667213439,-0.0028956312131098367,0.45414624369522166
0.006122472121188141,0.004160536886292384,0.00017416011109502977,0.45462302647647046
0.006607192238584427,-0.0013464884909492852,-0.004187014264918128,0.458808985701164
-0.00022317416852255054,0.004666888416781961,-0.0026270280855232534,0.46089164444866376
0.016354007902664128,-0.003555595425734106,0.00013865074050792024,0.4619246953828215
0.0036630632013822783,0.00565371446534537,-0.0013806143382004425,0.46309251967172305
0.0011121211681078271,-0.0015915309257823974,-0.0034279640459125246,0.46448725764375703
0.012334335614539404,0.007252654603437584,0.0028593439363761033,0.4649532636749695
0.010008292868725555,-0.0048991619878355295,-0.00165503402247214,0.46511932159032343
0.00261512436956454,0.006845716901273771,-0.004608188357209307,0.46574626255794355
0.0041766585334117885,0.0037332148049970754,-0.002462618963280237,0.46793620961653964
0.005805695876708273,-0.00036430333896240113,-0.002023424574588661,0.4691455576907341
0.01186452179095338,0.006028926259981723,0.0018837582504718548,0.46918423586719243
0.012115778352258385,0.006926100193530765,0.0012291963777046706,0.46989761559736215
0.003007966469968037,0.004341700091662156,-0.00042627182009926686,0.4706088063721867
-0.00393178398772991,-0.0037516220466913765,-0.0011222175050529558,0.47090930619729093
-0.0063992346991629916,0.0012012038806662026,0.0008959344705479753,0.4716677247792135
-0.0025363954493005337,0.0028246136711420865,0.0008376321457154398,0.47374836756517896
0.009191205126540886,-0.001107773343262781,-0.000932579190329463,0.4744448813508139
0.012748872492799442,-0.001983139570835678,-0.0020009500901744283,0.4744448813508139
0.00467121962215842,0.0039269292643869394,0.002601382947150516,0.47496742597597486
0.012036920276547153,-0.0017044993830484273,-0.003033025666796911,0.47726765607853366
0.011470939543756713,0.007215349065101255,-0.0011632048841326988,0.478640752549655
0.015129368091266356,-0.006156960388028079,0.000246440404506584,0.4793889352459043
0.007962630564790995,-0.0006431768296268366,-0.005171424891959965,0.4796724126897354
-0.011941333931688988,0.0007975150614524656,0.0017420473114802472,0.4796949948255234
-0.0015867384888858787,0.0033952305892868077,-0.0011170266768529681,0.4800815710616488
-0.010752096737317828,0.00044356151468839664,0.0009011139026134339,0.48042208210070136
0.010158940422822947,0.0010179530569600277,0.0005752313637409995,0.48113740919093545
0.001681948821194772,0.004213795410863814,0.001603517094298447,0.48130436604493754
0.004635591627668017,0.005748637681450159,-0.002203106014547255,0.4813749276237179
0.001108558207024549,0.0024327128194107906,0.0008103658569378468,0.4816340504695708
0.01371265394364043,-0.0029381455505574534,0.0009388310287311617,0.48166751783181416
-0.0013690323519519481,-0.0032088263703160943,-0.001665923667575818,0.4818779951436542
-0.011475178877497787,-0.0031061821931882097,-0.0015765245941156522,0.48219186756419313
0.006897166535657306,-0.0005451591355773873,-0.004080670991695984,0.4823015912826566
0.002416510530658558,-0.002636147149236207,-0.0024614000816804847,0.48283739470097503
0.00696921426114402,0.00417746374440275,0.0011235732817616692,0.484419868100908
0.005110538517631305,0.005851053355858848,2.5217763454029165e-05,0.48460424956266074
0.007283460454800884,-0.0013972577240987296,-0.006448471938085312,0.485404450965273
0.004428069819180543,0.006317586920246006,-0.00048507377200155376,0.4874035463617881
0.0073492202258637436,0.005834535836749483,-0.002749955204006734,0.48800764028046284
0.0005940238418674532,-0.0016630404417850406,-0.004704343264654215,0.4883309816354887
0.0013926789614247686,0.00419953283530116,-4.439084576529611e-05,0.4902257895522953
0.005764720179469547,-0.0030352202913397188,-0.0020385363959404025,0.49650483933551764
0.019144729041663856,-0.009917812137595823,0.002816338391757018,0.49655936776290743
0.010431723131697655,0.006031164768677042,0.0015632449711588127,0.49723076847107994
-0.0029574173963456242,-0.004707500852394994,-0.0007393135151733869,0.5006464114224211
0.010579665060143737,-0.002507563813584185,-0.0028799911156312486,0.5018594617131832
-0.003529707164528728,0.004609171012937317,-0.0008652470335268866,0.5037306592448186
0.018351219540046735,-0.0026212182724999135,-0.001364206759668891,0.5043966252319678
0.013778799921617494,-0.0017749627261695077,-0.0012385986619074078,0.5057370178702372
0.017075932650639353,-0.006012794230544657,-0.0008101547765950644,0.5060638247860765
0.01408046883767398,0.006672012646807906,0.0037321516518516126,0.5068633640989606
-0.006006510927586061,0.001073229470190698,0.00026814950397237384,0.5072850710208177
0.00866752180487202,0.007309845106873643,0.0002237106931942167,0.5085455184975279
0.015658837865960087,0.008618048645159219,0.0025331146431263256,0.5085455184975279
0.017451170481332726,-0.005070118128097509,-0.0014954615688565005,0.5086084757165242
0.008487132173138035,-0.0017497921720188642,-0.0042360921534782495,0.5096519384828438
-0.0005535731743545034,-0.00248389914923006,-0.0028699643813382,0.5097109844246388
0.007680234767435306,-0.0020918923766976467,-0.00685441932966115,0.5109209947817274
0.007039790965287903,0.004503065622235529,0.0014490781463988064,0.5115151949942243
0.01489934989653929,-0.0059812065826164666,0.003784057723329378,0.5123744849730929
-0.009750296431089293,0.0014080598425996618,-0.0009216062900886816,0.5125550857101601
0.00034901308711674786,-0.001692606636090759,-0.004622004770919129,0.5140262995851934
0.021820757146960645,-0.0022278972023390305,-0.0023055321335188144,0.5156357323693216
-0.011183167833790286,0.00045725426732480637,-0.0007919687610431856,0.5160766472060021
0.014462955304872047,-0.0024500520625542143,-0.006543445173853449,0.5166882312958518
0.013459010967856639,-0.002188402997731152,-0.002422202496691007,0.5181436312627277
0.01453148575570906,-0.0023415414701374914,-0.00250824985170013,0.5181436312627277
0.008431942657301756,-0.004124672577060548,-0.0010032997575927024,0.5195283323375031
0.008499974750152763,0.007925785967750567,-0.002592065111021953,0.5195483698168414
0.007967748344436002,0.005805062274954088,-0.0008855645177908403,0.522200246445057
0.016691336474447913,-0.005995343050418644,-0.0020989034166695947,0.5222725040751386
0.01799008231508532,-0.0014324879907213377,-0.0008558915338627369,0.5260421495131515
0.004756897176242398,0.0042346772468579985,0.0003431022945325406,0.5273245758411235
0.016159242542152008,-0.006602964204277432,0.00012546997095743716,0.5290636955093937
0.010182861794796787,0.003754742535066998,0.002629957610212311,0.5294595937635839
0.0077957205780684385,0.007867847362206106,-0.005389203322543418,0.5297320106967534
0.00926476964779402,0.006662417278648981,0.0028201876149826443,0.5314416931321658
0.012111706540774808,0.007295247636021386,0.002773517068185482,0.532717800839807
0.023444208540108192,-0.002643005857721605,0.0017562371953643283,0.5336234822176689
0.011288631654746658,0.006939150969573331,0.0032214891982230635,0.5338059602783843
0.008513085811871072,-0.0037574028494757766,-0.0019995997657088226,0.5362270984017791
-0.007367403835109108,0.002016182747891003,-0.0008471325169007244,0.5366421014202318
0.00311982979937731,-0.003820701990927507,-0.0028735347341250625,0.5372060913501628
-0.0037899325786067794,-0.0030166338729644077,-0.002409645327457407,0.5390949506144205
0.005416562828312024,0.005692373249856669,-0.000562462343524782,0.5403296134036234
0.017728112397503614,-0.002415883918924186,-0.0018709446707895908,0.5414881319279862
0.010218245518849992,0.007203954130059563,-0.0018560269512152981,0.5416396181019405
0.011101088413223067,0.0031432318134540747,0.0038014492625452687,0.5428457694193909
0.016694753180515536,0.006165087399272048,0.005745368651188245,0.5434221376649668
0.021002842171867223,-0.0050109784450994305,0.0005565757734900381,0.5455461663549622
0.015050692160376689,0.005766720013127799,-0.0012704845180277926,0.5471605535118497
0.018267622014305217,0.00573168957005317,0.0030871251924494687,0.5471605535118497
0.008905997691160922,0.004880694022570996,0.001292769339526727,0.5496425562886517
0.009378432627263776,-0.005562115867307674,-0.005636776389201267,0.5538266295248288
0.013850100758747546,0.006990659820654229,0.0023168285664623596,0.555728269138043
0.020226241190964757,0.009035222016838623,0.0061364989930239155,0.5565495521641664
0.017684897058433395,0.007438090281035631,0.004798746219221978,0.5634226450608641
0.009679905795378963,-0.005003701757617831,-0.002817966976986987,0.5663929691874455
0.012418118526615287,-0.0017016792376534334,-0.005970863187487556,0.5672110524213617
0.01825031788191144,-0.006919028633033023,-0.0069192035836224105,0.5673053906183194
-0.009761490511765548,0.0017848889396069076,-0.0012716236213946993,0.5695984572207405
0.018474689767783086,-0.002624462525082019,-0.0014021437352320346,0.5696138699510351
0.02307439231634132,0.0073021662541182366,0.008542145963086207,0.5708512532327958
0.009451939732920661,0.005354616264966823,-0.00036158975445313766,0.5720826948159781
0.028347671416208326,-0.007140406638495622,0.004048354512184286,0.5725720344257069
-0.0023501588296853926,0.002861842152659765,0.0002665641240029295,0.5797372751531232
0.006231770600868233,0.006893964374775811,0.002059308034033803,0.5844037524897778
0.00884062366745739,-0.005295567600818017,-0.0006438823695333943,0.5844375308214351
0.027621961900707852,-0.010146287397547445,0.005651806064119038,0.5868275837037755
0.008924284522583517,0.006602764409536935,0.00010109817219919242,0.5910249200103537
0.0012119195123517644,0.003698000930235814,0.0016495809997624695,0.5922030321189453
-0.0038103310626837012,0.003364408004982842,0.001416748727994146,0.5940899932252385
-0.008030210369260977,0.0014495176553139153,0.000880068090887615,0.6035617976045042
0.0010982624892638274,-0.002821812553151077,-0.0034308840110275547,0.6051241063943781
0.010798707822608595,-0.004324986424317183,-0.004948018747231195,0.6052169924257104
0.015357209824470752,0.01086112125401569,0.001743570999228587,0.6054113053713612
0.004282620330677386,-0.0035290678707454925,-0.0007890663144207687,0.6055430737830442
0.018243827657353585,-0.0036213822201454854,-0.002149930714658374,0.6075009356949348
0.015325382716618366,-0.003886505807358566,-0.0032395413525083865,0.6094727753908499
0.028954908011116758,-0.00975622982576204,0.0055509840399654425,0.6100529957220933
0.0235027951541782,-0.005404741063817805,-0.005350105298199945,0.612354998949125
0.025980083538748058,-0.00519171062729107,0.004068048049472539,0.6129647576769386
0.02195570398969471,0.005659240638122353,0.007673213150061461,0.6132286182186638
0.011340991218034058,-0.006101205208922416,-0.004393538259007551,0.6143687439328751
0.021003795334854334,-0.006011715729271097,-0.0009672706732366038,0.6184787832686539
0.022685492221007075,0.009003101319340696,0.004844049542944939,0.6187202452373333
0.017685863264357313,0.009898540838413877,0.003366033671515048,0.6241895694932156
0.020268311699034744,-0.00681070552666188,-0.0013620021653180572,0.6245010908094808
0.01403997558664432,0.007557336588204063,0.004185281603240359,0.6245396413861017
-0.00274351409949302,-0.003498835207295936,-0.0042220227926429155,0.6273058314636165
0.018006657283368182,-0.009015496949773443,0.0014628021378923206,0.6298912043203432
0.013718218945050632,0.008415432765751484,0.004852181879181792,0.6299106690629538
0.027453633767758095,-0.005688416451774936,0.0021843814016603577,0.631133375548691
0.020617292384844686,-0.005822870976733067,0.0011928467051482243,0.6312142625593108
0.022310270285810653,0.006470827464013934,0.009198583724305768,0.6321268680220438
0.015479560028460272,-0.005294169555997751,-0.0022438493071686282,0.6334224903366789
0.005581189579007378,-0.0034166721436083057,-0.002562910206549857,0.6341383557249302
0.008204389535322655,-0.0031133560382306507,-0.002553631656219978,0.63500927599851
0.011398625789266925,0.009269804535974075,-0.006491409649317885,0.6355594492447308
0.010343631668062327,0.007981884544514902,0.00047188989016670453,0.6370853802425884
0.004546378003299592,0.005392689925969385,-1.767003767824101e-05,0.6384429130657008
0.017060654552609945,-0.0033834390758672134,-0.00175027392728007,0.64085897073423
0.023340366066583997,-0.005333657418877588,0.0022297512104607385,0.6422704719969501
0.019608012970771766,-0.005113770605153895,0.0006888080080239085,0.6423555386197237
0.004733240598677208,-0.0041275437908252,-0.002357014970727316,0.6429220755792845
0.009115406259331969,0.007483933494319885,-0.005507903407097091,0.6436816624834222
0.007848783232134345,0.00782649766292523,-0.0007275939236704164,0.6441450694406075
0.007949086029084756,-0.0054721646013857,-0.005062030224482591,0.644151649828252
0.0063805881939493925,0.00685237468955412,-0.0046563664725765355,0.6466409632147793
0.026012577523417155,-0.0076265937605534285,0.003097043252702515,0.6495693446621373
0.009804669737773225,-0.0031593440211060823,-0.0071328687820951895,0.6514385425961452
0.004738181761075902,0.004740688937306867,-0.0037202765975021894,0.6533618478008122
0.013939002658924905,0.006813182181945484,-0.003920289272552482,0.656493333999239
0.02707585618749699,0.010074178611627769,0.009369918126244353,0.6611112097609078
0.015820683227514055,0.006405435344972162,-0.00098356962876868,0.6621023050737306
0.021434337310517103,-0.01160721656411594,0.0030265419620653954,0.6636113939140474
0.02050896295129885,0.009284807973819621,0.006625914296106762,0.6659931287715951
0.02733323369044145,-0.010161273980871497,-0.005194077966890034,0.6671969833195646
0.02663804782858858,0.008789509489581772,0.004463861610782523,0.6679223027961276
0.015944062992587778,-0.0038252322432892477,-0.0037093467178565625,0.676955316307549
0.03153380644753522,-0.011820024204808285,0.007623978592808048,0.6782648003135359
0.018123102138033306,0.010824447140497573,-0.0063414800623812235,0.6782906726431459
0.015769321718198594,0.00943399137079619,-0.0024482398539777965,0.6786476496906507
0.013575765791208979,-0.003916591041190424,-0.003691329363836669,0.6808115283011147
0.021397809147350212,0.010420285982175329,0.0069582481619008575,0.682503206631244
0.026614943071748942,0.0077478769074486335,0.010663307435719723,0.682503206631244
0.01689164934846524,0.006157725432590393,0.00562930953961037,0.6825599073741213
0.019764949409840804,0.008069393775192156,0.003752781136409696,0.6825599073741213
0.018353925208288498,-0.007282202061834084,0.0010412463456816283,0.682592180916258
0.0017612281616811388,0.004681261388843905,-0.0025780863640776372,0.6841055635573376
0.034904983086509266,-0.009976598288881413,0.0039614650628308065,0.6868116584989776
0.01463804903689679,0.003991642994072091,0.003831108734232824,0.689510698803231
0.009901317551819742,0.009258404191823688,-0.006376741353786403,0.6905924754904174
0.02300703973762464,0.008931815931598697,0.004336780899841388,0.6926406477602753
0.00192774439571264,0.004284009602560666,-0.004095155768552906,0.6969193043208664
0.02823310094154261,-0.013577255633540135,0.003086814612812167,0.6992297900947997
0.012649936347893947,0.00816204294177458,0.0009078396365567478,0.7001198065781549
0.025899402779802946,-0.0070784465910366115,0.0036055024589846376,0.7039391771816784
-0.0015435927049486085,-0.002268639231295646,-0.00794810063172412,0.7049480036012568
0.00607560695215067,-0.001290269171367854,-0.009277875391466737,0.7049480036012568
0.027942333388763983,-0.00843099305537213,0.003810682585531159,0.7068075806344487
0.005258416029410327,0.007359970526288762,-0.0018735469158921154,0.7124504563158696
0.005148323152090527,-0.005268168623079687,-0.00851070378544866,0.7164522582615694
0.02213600686989932,0.007570044903284188,0.007501163512211758,0.7173177618061448
0.02813539302767279,0.00927432209942711,0.010881093464542002,0.717401543158582
0.029028553196345064,-0.0051833331705052185,0.006024911589941175,0.7197102396373016
0.01742184735153812,-0.004711289822413572,-0.0025504424005134197,0.7227465914643515
0.03212701300309408,-0.00917284816344017,0.00849982153519288,0.7259724332722571
0.02689532548187669,0.010478128283386914,0.011104061305466026,0.7283545618845805
0.026388216570370045,-0.008880239502727236,0.0013471888456658035,0.730564270664475
0.01592339184419587,0.007335796824879964,-0.004108396657767875,0.7371338722318315
0.030352629200224458,-0.010810071354239658,0.004651658815433276,0.7504994527936983
0.014982225757586605,0.005211558847980782,0.00042370982883060444,0.7523759670496217
0.018118907532019432,-0.0025402639675791623,-0.009156088987592032,0.7547379348600127
0.033692633595742746,-0.00813099282157276,0.008540524370047946,0.7564703251269873
0.026621512332937306,-0.008902693026788472,-0.0037207327505121893,0.7570575501484494
0.017996674597272742,-0.006895637935624447,-0.0016748638977331378,0.7577020150662548
0.00699737261803805,0.006903107460316214,-0.0021150463832315535,0.7578401010496537
0.028151488818684064,-0.00837067118176538,0.0029007316717368915,0.7601685569592769
0.03957011293511457,-0.019034897975886082,0.014171202410100295,0.7603305365089743
0.020591684014914634,-0.009446262999044976,-0.0012518299965988261,0.7603305365089743
0.0017036977029683134,-0.002960200155540931,-0.003928738482231658,0.7611043444205291
0.019534666759523873,-0.005705938031989418,-0.009908406219804282,0.7676274195659673
0.025553123321654474,0.009496666576313017,0.010276564362837753,0.7800036647214217
0.03461704169592534,0.011476834901749706,0.016298964747229503,0.7800036647214217
0.04116263740386421,-0.011505710684047675,0.010061140287032871,0.7924749905757436
0.03018988127406507,-0.010255447059755599,-0.007159870322912486,0.8006060785983803
0.03042256183566258,-0.007753648820484296,0.001606461410449878,0.8010485913857086
0.02660690110473375,0.014291099066888503,0.00384708106893984,0.8088792634172174
0.020845033443770426,-0.006478041984863007,-0.0030636523189937173,0.8092589960634381
0.025182755160764268,0.012384557227279776,0.007279980192608357,0.8108730752035895
0.019669397817539118,0.011171846084746355,-0.007066216020085763,0.8176142245975643
0.03168760188213278,-0.012901158342936212,-0.0068491256106373985,0.8202455590316858
0.013200461283124637,0.005657798256377136,-0.0001139814700154474,0.8249976319619806
0.012742652636790815,0.009337567732416039,-0.0063719432637595365,0.8251054297341932
0.011539568032566486,0.007427698730987436,0.002168155443041388,0.8308999635347647
0.019557703067261258,-0.005095838547143376,-0.005092919883030808,0.8479064886517558
0.03842121760819435,-0.010019112172074062,0.005345218873109462,0.8494977593761307
0.024138202434584335,0.012960341263479464,-0.005503217214572116,0.8558623761092579
0.04308171520277292,-0.020589887411517082,0.014212712329401678,0.8689491845816849
0.031620741980062705,0.00779789971361842,0.013783008775694808,0.9132240764591858
0.04275604908906011,-0.016364246006908268,0.007939899276116068,0.9482283323864734
0.0433663841629858,-0.017954820395895923,0.014895611083292593,0.965556655242635
0.024534430194198452,-0.00766094263903781,-0.0022000882251738585,0.988405497015551
0.02849578451110115,0.013165626806950558,0.012375478175948685,1.0
